word,period,jaccard_distance
virus,2010s,0.0
virus,2020s,0.9473684210526316
platform,2010s,0.0
platform,2020s,1.0
network,2010s,0.0
network,2020s,1.0
model,2010s,0.0
model,2020s,1.0
web,2010s,0.0
web,2020s,
stream,2010s,0.0
stream,2020s,
water,2010s,0.0
water,2020s,1.0
city,2010s,0.0
city,2020s,0.9473684210526316
winter,2010s,0.0
winter,2020s,1.0
animal,2010s,0.0
animal,2020s,1.0
family,2010s,0.0
family,2020s,1.0
school,2010s,0.0
school,2020s,0.8888888888888888
